Model Name,Test Loss,Test Accuracy
Baseline Model,0.11250046690034897,0.9534840224969718
Convolutional Model,0.08784714866866393,0.9653452397652404
Recurrent Model,0.08233811530550131,0.9668189548902771
